label,message
ham,"Hi, how are you doing today?"
spam,"Congratulations! You have won ₹50,000. Click the link to claim your prize."
ham,"Let's meet tomorrow at 10 AM."
spam,"URGENT! Your account has been suspended. Verify now."
ham,"Please send me the project report."
spam,"Free entry in a lucky draw. Call now!"
ham,"Happy Birthday! Have a wonderful day."
spam,"You have been selected for a free vacation. Reply YES."
ham,"Can we have lunch together today?"
spam,"Win a brand new iPhone. Limited offer."
ham,"Your class starts at 9 AM tomorrow."
spam,"Exclusive deal! Buy one get one free."
ham,"Thank you for your help."
spam,"Your loan has been approved. Apply now."
ham,"Meeting postponed to Monday."
spam,"Earn money from home without investment."
ham,"Please check your email for the attachment."
spam,"Claim your cashback reward immediately."
ham,"See you this evening."
spam,"Click here to verify your bank account."